DATE,ADDRESS,NAME,TYPE,CLASS,LAT,LNG,ACC
Wed Nov 20 16:09:14 EST 2024,54:13:C3:F6:13:46,null,3,7936,33.46552166666667,-82.08079166666667,1.9
Wed Nov 20 16:09:14 EST 2024,48:40:4B:86:D7:C1,null,3,7936,33.46552166666667,-82.08079166666667,1.9
Wed Nov 20 16:09:14 EST 2024,77:14:D7:87:83:70,null,3,7936,33.46552166666667,-82.08079166666667,1.9
Wed Nov 20 16:09:14 EST 2024,74:9C:19:6B:89:A3,null,3,7936,33.46552166666667,-82.08079166666667,1.9
Wed Nov 20 16:09:14 EST 2024,4C:91:57:57:73:6D,*MOB85-11679644,1,520,33.46552166666667,-82.08079166666667,1.9
Wed Nov 20 16:09:14 EST 2024,4C:91:57:57:27:4B,*MOB85-11671647,1,520,33.46552166666667,-82.08079166666667,1.9
Wed Nov 20 16:09:14 EST 2024,4C:91:57:56:DC:13,*MOB85-11669019,1,520,33.46552166666667,-82.08079166666667,1.9
Wed Nov 20 16:09:14 EST 2024,80:5B:65:5D:C6:BF,[LG] webOS TV UQ7590PUB,1,1084,33.46552166666667,-82.08079166666667,1.9
Wed Nov 20 16:09:14 EST 2024,75:21:7B:1B:A4:03,null,3,7936,33.46552166666667,-82.08079166666667,1.9
Wed Nov 20 16:09:14 EST 2024,79:F1:06:65:F5:9E,null,3,7936,33.46552166666667,-82.08079166666667,1.9
Wed Nov 20 16:09:14 EST 2024,7C:29:C7:50:BC:51,null,3,7936,33.46552166666667,-82.08079166666667,1.9
Wed Nov 20 16:09:14 EST 2024,72:8D:AD:71:0B:03,null,3,7936,33.46552166666667,-82.08079166666667,1.9
Wed Nov 20 16:09:14 EST 2024,F0:96:27:37:BC:41,null,2,7936,33.46552166666667,-82.08079166666667,1.9
Wed Nov 20 16:09:14 EST 2024,C8:81:E7:DB:FF:F7,null,2,7936,33.46552166666667,-82.08079166666667,1.9
Wed Nov 20 16:09:14 EST 2024,4C:91:57:58:2B:01,*MOB85-11702544,1,520,33.46552166666667,-82.08079166666667,1.9
Wed Nov 20 16:09:14 EST 2024,4C:91:57:57:6C:4D,MOB85-11677820,1,520,33.46552166666667,-82.08079166666667,1.9
Wed Nov 20 16:09:14 EST 2024,4C:91:57:57:DB:40,*MOB85-11683269,1,520,33.46552166666667,-82.08079166666667,1.9
Wed Nov 20 16:09:14 EST 2024,4B:9B:C8:CD:61:04,null,3,7936,33.46552166666667,-82.08079166666667,1.9
Wed Nov 20 16:09:14 EST 2024,54:EC:BA:B1:1B:35,null,3,7936,33.46552166666667,-82.08079166666667,1.9
Wed Nov 20 16:09:14 EST 2024,4C:91:57:58:3D:78,*MOB85-11707271,1,520,33.46552166666667,-82.08079166666667,1.9
Wed Nov 20 16:09:14 EST 2024,4C:91:57:57:27:4A,*MOB85-11671646,1,520,33.46552166666667,-82.08079166666667,1.9
Wed Nov 20 16:09:14 EST 2024,56:D4:A1:B5:40:5B,null,3,7936,33.46552166666667,-82.08079166666667,1.9
Wed Nov 20 16:09:14 EST 2024,72:26:42:F9:FE:01,null,3,7936,33.46552166666667,-82.08079166666667,1.9
Wed Nov 20 16:09:14 EST 2024,6B:85:B4:DE:CE:2C,null,3,7936,33.46552166666667,-82.08079166666667,1.9
Wed Nov 20 16:09:14 EST 2024,61:1F:51:0C:DC:2A,null,3,7936,33.46552166666667,-82.08079166666667,1.9
Wed Nov 20 16:09:14 EST 2024,4C:91:57:57:DA:C4,null,1,520,33.46552166666667,-82.08079166666667,1.9
Wed Nov 20 16:09:14 EST 2024,4C:91:57:56:D9:97,*MOB85-11668383,1,520,33.46552166666667,-82.08079166666667,1.9
Wed Nov 20 16:09:14 EST 2024,5E:CD:9B:2E:5E:A4,null,3,7936,33.46552166666667,-82.08079166666667,1.9
Wed Nov 20 16:09:14 EST 2024,D1:BF:03:E9:33:97,null,2,7936,33.46552166666667,-82.08079166666667,1.9
Wed Nov 20 16:09:14 EST 2024,77:A3:A5:80:A9:9A,null,3,7936,33.46552166666667,-82.08079166666667,1.9
Wed Nov 20 16:09:14 EST 2024,54:EF:5C:78:C8:CA,null,3,7936,33.46552166666667,-82.08079166666667,1.9
Wed Nov 20 16:09:14 EST 2024,4C:91:57:57:78:F5,null,1,520,33.46552166666667,-82.08079166666667,1.9
Wed Nov 20 16:09:14 EST 2024,4C:91:57:57:32:62,*MOB85-11674486,1,520,33.46552166666667,-82.08079166666667,1.9
Wed Nov 20 16:09:14 EST 2024,4C:91:57:58:26:E6,null,1,520,33.46552166666667,-82.08079166666667,1.9
Wed Nov 20 16:09:14 EST 2024,60:C3:4C:30:F1:DD,null,3,7936,33.46552166666667,-82.08079166666667,1.9
Wed Nov 20 16:09:14 EST 2024,62:83:AE:3F:F8:4A,null,3,7936,33.46552166666667,-82.08079166666667,1.9
Wed Nov 20 16:09:14 EST 2024,75:8C:3C:ED:FB:04,null,3,7936,33.46552166666667,-82.08079166666667,1.9
Wed Nov 20 16:09:14 EST 2024,4C:91:57:57:79:BF,*MOB85-11681262,1,520,33.46552166666667,-82.08079166666667,1.9
Wed Nov 20 16:09:14 EST 2024,F6:A7:17:B9:4C:BE,null,2,7936,33.46552166666667,-82.08079166666667,1.9
Wed Nov 20 16:09:14 EST 2024,76:13:34:23:E4:F8,null,3,7936,33.46552166666667,-82.08079166666667,1.9
Wed Nov 20 16:09:14 EST 2024,59:32:3D:9A:F2:E9,null,3,7936,33.46552166666667,-82.08079166666667,1.9
Wed Nov 20 16:09:14 EST 2024,5D:45:28:5B:A1:6C,null,3,7936,33.46552166666667,-82.08079166666667,1.9
Wed Nov 20 16:09:14 EST 2024,4C:C7:D7:F9:F7:8E,null,3,7936,33.46552166666667,-82.08079166666667,1.9
Wed Nov 20 16:09:14 EST 2024,4C:91:57:5E:62:5F,*MOB85-11749899,1,520,33.46552166666667,-82.08079166666667,1.9
Wed Nov 20 16:09:14 EST 2024,4C:91:57:56:D9:AC,*MOB85-11668404,1,520,33.46552166666667,-82.08079166666667,1.9
Wed Nov 20 16:09:14 EST 2024,4C:91:57:57:6C:0E,null,1,520,33.46552166666667,-82.08079166666667,1.9
Wed Nov 20 16:09:14 EST 2024,7D:93:51:08:63:25,null,3,7936,33.46552166666667,-82.08079166666667,1.9
Wed Nov 20 16:09:14 EST 2024,4C:91:57:57:D8:AF,*MOB85-11682612,1,520,33.46552166666667,-82.08079166666667,1.9
Wed Nov 20 16:09:14 EST 2024,4C:91:57:56:DC:25,null,1,520,33.46552166666667,-82.08079166666667,1.9
Wed Nov 20 16:09:14 EST 2024,4C:91:57:58:27:DB,*MOB85-11701738,1,520,33.46552166666667,-82.08079166666667,1.9
Wed Nov 20 16:09:14 EST 2024,4A:86:BD:4E:DD:18,null,3,7936,33.46552166666667,-82.08079166666667,1.9
Wed Nov 20 16:09:14 EST 2024,64:46:7B:81:E5:E3,null,3,7936,33.46552166666667,-82.08079166666667,1.9
Wed Nov 20 16:09:14 EST 2024,4C:91:57:58:29:86,null,1,520,33.46552166666667,-82.08079166666667,1.9
Wed Nov 20 16:09:14 EST 2024,5C:A8:A9:43:63:55,null,3,7936,33.46552166666667,-82.08079166666667,1.9
Wed Nov 20 16:09:14 EST 2024,4C:91:57:57:E0:7D,null,1,520,33.46552166666667,-82.08079166666667,1.9
Wed Nov 20 16:09:14 EST 2024,4C:91:57:58:30:56,*MOB85-11703909,1,520,33.46552166666667,-82.08079166666667,1.9
Wed Nov 20 16:09:14 EST 2024,5C:78:E2:A7:92:8F,null,3,7936,33.46552166666667,-82.08079166666667,1.9
Wed Nov 20 16:09:14 EST 2024,4C:91:57:58:2B:55,null,1,520,33.46552166666667,-82.08079166666667,1.9
Wed Nov 20 16:09:14 EST 2024,6C:17:74:71:C1:E9,null,3,7936,33.46552166666667,-82.08079166666667,1.9
Wed Nov 20 16:09:14 EST 2024,65:62:DF:12:21:78,null,3,7936,33.46552166666667,-82.08079166666667,1.9
Wed Nov 20 16:09:14 EST 2024,75:A6:59:AE:72:5A,null,3,7936,33.46552166666667,-82.08079166666667,1.9
Wed Nov 20 16:09:14 EST 2024,4C:91:57:58:41:65,null,1,520,33.46552166666667,-82.08079166666667,1.9
Wed Nov 20 16:09:14 EST 2024,52:E5:0D:71:FB:EE,null,3,7936,33.46552166666667,-82.08079166666667,1.9
Wed Nov 20 16:09:14 EST 2024,6B:06:02:82:BF:DF,null,3,7936,33.46552166666667,-82.08079166666667,1.9
Wed Nov 20 16:09:14 EST 2024,5C:9D:97:40:E1:27,null,3,7936,33.46552166666667,-82.08079166666667,1.9
Wed Nov 20 16:09:14 EST 2024,4C:91:57:57:2E:BE,null,1,520,33.46552166666667,-82.08079166666667,1.9
Wed Nov 20 16:09:14 EST 2024,54:4B:D4:B8:07:1A,null,3,7936,33.46552166666667,-82.08079166666667,1.9
Wed Nov 20 16:09:14 EST 2024,79:E5:22:77:1D:C5,null,3,7936,33.46552166666667,-82.08079166666667,1.9
Wed Nov 20 16:09:14 EST 2024,7C:56:63:9C:81:96,null,3,7936,33.46552166666667,-82.08079166666667,1.9
Wed Nov 20 16:09:14 EST 2024,5D:0F:15:ED:04:46,null,3,7936,33.46552166666667,-82.08079166666667,1.9
Wed Nov 20 16:09:14 EST 2024,61:F9:8F:2D:9B:2F,null,3,7936,33.46552166666667,-82.08079166666667,1.9
Wed Nov 20 16:09:14 EST 2024,55:2F:41:22:81:71,null,3,7936,33.46552166666667,-82.08079166666667,1.9
Wed Nov 20 16:09:14 EST 2024,6A:F1:BF:D7:39:6E,null,3,7936,33.46552166666667,-82.08079166666667,1.9
Wed Nov 20 16:09:14 EST 2024,4B:8B:A6:8A:93:81,null,3,7936,33.46552166666667,-82.08079166666667,1.9
Wed Nov 20 16:09:14 EST 2024,5E:60:2D:6F:4B:92,null,3,7936,33.46552166666667,-82.08079166666667,1.9
Wed Nov 20 16:09:14 EST 2024,A8:A2:37:39:E6:45,[LG] webOS TV UQ7590PUB,1,1084,33.46552166666667,-82.08079166666667,1.9
Wed Nov 20 16:09:14 EST 2024,67:49:D6:79:DC:31,null,3,7936,33.46552166666667,-82.08079166666667,1.9
Wed Nov 20 16:09:14 EST 2024,D2:92:53:74:F8:82,null,2,7936,33.46552166666667,-82.08079166666667,1.9
Wed Nov 20 16:09:14 EST 2024,4C:91:57:57:E2:08,null,1,520,33.46552166666667,-82.08079166666667,1.9
Wed Nov 20 16:09:14 EST 2024,6B:18:34:83:98:28,null,3,7936,33.46552166666667,-82.08079166666667,1.9
Wed Nov 20 16:09:14 EST 2024,64:57:FE:44:A4:02,null,3,7936,33.46552166666667,-82.08079166666667,1.9
Wed Nov 20 16:09:14 EST 2024,4E:31:56:FC:DF:FB,null,3,7936,33.46552166666667,-82.08079166666667,1.9
Wed Nov 20 16:09:14 EST 2024,51:B0:43:6E:B7:F9,null,3,7936,33.46552166666667,-82.08079166666667,1.9
Wed Nov 20 16:09:14 EST 2024,6A:78:A9:12:5D:45,null,3,7936,33.46552166666667,-82.08079166666667,1.9
Wed Nov 20 16:09:14 EST 2024,63:30:A5:78:0E:4F,null,3,7936,33.46552166666667,-82.08079166666667,1.9
Wed Nov 20 16:09:14 EST 2024,48:63:6B:60:68:C0,null,3,7936,33.46552166666667,-82.08079166666667,1.9
Wed Nov 20 16:09:14 EST 2024,75:4E:94:18:CD:1A,null,3,7936,33.46552166666667,-82.08079166666667,1.9
Wed Nov 20 16:09:14 EST 2024,F3:FD:01:99:81:DC,null,2,7936,33.46552166666667,-82.08079166666667,1.9
Wed Nov 20 16:09:14 EST 2024,7A:5B:DB:13:6A:A4,null,3,7936,33.46552166666667,-82.08079166666667,1.9
Wed Nov 20 16:09:14 EST 2024,72:39:EB:77:6E:43,null,3,7936,33.46552166666667,-82.08079166666667,1.9
Wed Nov 20 16:09:14 EST 2024,40:3C:31:1D:9A:52,null,3,7936,33.46552166666667,-82.08079166666667,1.9
Wed Nov 20 16:09:14 EST 2024,4B:61:EE:65:F4:A8,null,3,7936,33.46552166666667,-82.08079166666667,1.9
Wed Nov 20 16:09:14 EST 2024,54:46:13:AA:E3:6D,null,3,7936,33.46552166666667,-82.08079166666667,1.9
Wed Nov 20 16:09:14 EST 2024,5D:96:B4:7D:16:CA,null,3,7936,33.46552166666667,-82.08079166666667,1.9
Wed Nov 20 16:09:14 EST 2024,6E:82:E1:4B:E3:1B,null,3,7936,33.46552166666667,-82.08079166666667,1.9
Wed Nov 20 16:09:14 EST 2024,F4:EA:2F:45:06:1F,null,2,7936,33.46552166666667,-82.08079166666667,1.9
Wed Nov 20 16:09:14 EST 2024,69:BC:7E:16:5B:38,null,3,7936,33.46552166666667,-82.08079166666667,1.9
Wed Nov 20 16:09:14 EST 2024,60:0D:B2:B4:BD:49,null,3,7936,33.46552166666667,-82.08079166666667,1.9
Wed Nov 20 16:09:14 EST 2024,A8:51:AB:92:D7:39,null,3,7936,33.46552166666667,-82.08079166666667,1.9
Wed Nov 20 16:09:14 EST 2024,C8:69:CD:3A:AE:1F,null,3,7936,33.46552166666667,-82.08079166666667,1.9
Wed Nov 20 16:04:01 EST 2024,6D:BB:6D:CF:3A:02,null,3,7936,33.46521166666666,-82.07991500000001,2.0
Wed Nov 20 16:04:01 EST 2024,4B:85:74:FF:8E:6E,null,3,7936,33.46521166666666,-82.07991500000001,2.0
Wed Nov 20 16:04:01 EST 2024,20:50:E7:3D:C8:97,SC 400,2,7936,33.46521166666666,-82.07991500000001,2.0
Wed Nov 20 16:04:01 EST 2024,6D:3D:1D:F1:E5:19,null,3,7936,33.46521166666666,-82.07991500000001,2.0
Wed Nov 20 16:04:01 EST 2024,63:61:D9:03:D1:F1,null,3,7936,33.46521166666666,-82.07991500000001,2.0
Wed Nov 20 16:04:01 EST 2024,60:98:66:36:47:31,null,2,7936,33.46521166666666,-82.07991500000001,2.0
Wed Nov 20 16:04:01 EST 2024,7C:85:0D:2D:D8:A1,null,3,7936,33.46521166666666,-82.07991500000001,2.0
Wed Nov 20 16:04:01 EST 2024,50:42:CD:24:46:4B,null,3,7936,33.46521166666666,-82.07991500000001,2.0
Wed Nov 20 16:04:01 EST 2024,5C:90:EC:E5:4D:82,null,3,7936,33.46521166666666,-82.07991500000001,2.0
Wed Nov 20 16:04:01 EST 2024,08:23:00:70:51:42,SC 400D-2308,3,1028,33.46521166666666,-82.07991500000001,2.0
Wed Nov 20 16:04:01 EST 2024,66:06:A0:5E:EF:9B,null,3,7936,33.46521166666666,-82.07991500000001,2.0
Wed Nov 20 16:04:01 EST 2024,59:63:4E:70:58:01,null,3,7936,33.46521166666666,-82.07991500000001,2.0
Wed Nov 20 15:56:16 EST 2024,4B:C7:16:1D:E6:0F,null,3,7936,33.46257166666667,-82.07852,3.6
Wed Nov 20 15:56:16 EST 2024,E4:E1:12:B5:1B:FA,Base_BF_55-60259418,2,7936,33.46257166666667,-82.07852,3.6
Wed Nov 20 15:56:16 EST 2024,C8:12:0B:AD:60:65,null,1,1084,33.46257166666667,-82.07852,3.6
Wed Nov 20 15:56:16 EST 2024,48:92:26:40:72:2F,null,3,7936,33.46257166666667,-82.07852,3.6
Wed Nov 20 15:56:16 EST 2024,54:44:A3:54:A1:47,null,1,1084,33.46257166666667,-82.07852,3.6
Wed Nov 20 15:56:16 EST 2024,74:F0:7D:EF:68:8D,null,1,1664,33.46257166666667,-82.07852,3.6
Wed Nov 20 15:56:16 EST 2024,58:A7:A1:82:FE:B3,null,3,7936,33.46257166666667,-82.07852,3.6
Wed Nov 20 15:56:16 EST 2024,42:DC:2A:D1:27:AB,null,3,7936,33.46257166666667,-82.07852,3.6
Wed Nov 20 15:56:16 EST 2024,79:79:4D:BD:67:E0,null,3,7936,33.46257166666667,-82.07852,3.6
Wed Nov 20 15:56:16 EST 2024,4D:37:4D:C1:4E:F6,null,3,7936,33.46257166666667,-82.07852,3.6
Wed Nov 20 15:56:16 EST 2024,5F:CB:2F:F0:A7:78,null,3,7936,33.46257166666667,-82.07852,3.6
Wed Nov 20 15:56:16 EST 2024,51:36:4D:07:04:BB,null,3,7936,33.46257166666667,-82.07852,3.6
Wed Nov 20 15:56:16 EST 2024,67:D2:3D:1F:F1:D3,null,3,7936,33.46257166666667,-82.07852,3.6
Wed Nov 20 15:56:16 EST 2024,6A:1E:9C:31:80:D9,null,3,7936,33.46257166666667,-82.07852,3.6
Wed Nov 20 15:56:16 EST 2024,69:DE:FA:62:E6:49,null,3,7936,33.46257166666667,-82.07852,3.6
Wed Nov 20 15:56:16 EST 2024,D0:C2:4E:9E:3E:FD,null,1,1084,33.46257166666667,-82.07852,3.6
Wed Nov 20 15:56:16 EST 2024,72:5D:B9:34:ED:D3,null,3,7936,33.46257166666667,-82.07852,3.6
Wed Nov 20 15:56:16 EST 2024,56:0F:FE:F6:E0:5D,null,3,7936,33.46257166666667,-82.07852,3.6
Wed Nov 20 15:56:16 EST 2024,71:99:CA:B7:53:7A,null,3,7936,33.46257166666667,-82.07852,3.6
Wed Nov 20 15:56:16 EST 2024,C8:12:0B:AD:62:75,null,1,1084,33.46257166666667,-82.07852,3.6
Wed Nov 20 15:56:16 EST 2024,74:F0:7D:E7:DA:33,null,1,1664,33.46257166666667,-82.07852,3.6
Wed Nov 20 15:56:16 EST 2024,5D:7A:1A:3D:25:63,null,3,7936,33.46257166666667,-82.07852,3.6
Wed Nov 20 15:56:16 EST 2024,78:B1:BC:22:30:6B,null,3,7936,33.46257166666667,-82.07852,3.6
Wed Nov 20 15:56:16 EST 2024,5C:3D:FC:93:0B:4B,null,3,7936,33.46257166666667,-82.07852,3.6
Wed Nov 20 15:56:16 EST 2024,6A:9C:53:A5:4E:B4,null,3,7936,33.46257166666667,-82.07852,3.6
Wed Nov 20 15:56:16 EST 2024,4C:91:57:90:27:4B,RP450-12077897,3,7936,33.46257166666667,-82.07852,3.6
Wed Nov 20 15:56:16 EST 2024,51:78:44:D2:73:37,null,3,7936,33.46257166666667,-82.07852,3.6
Wed Nov 20 15:56:16 EST 2024,00:01:90:AE:A0:3D,null,1,1664,33.46257166666667,-82.07852,3.6
Wed Nov 20 15:56:16 EST 2024,D0:C2:4E:99:BE:D7,[TV] Samsung QBB Series,1,1084,33.46257166666667,-82.07852,3.6
Wed Nov 20 15:56:16 EST 2024,6D:BD:14:2E:AC:21,null,3,7936,33.46257166666667,-82.07852,3.6
Wed Nov 20 15:56:16 EST 2024,4E:54:7C:0E:C1:86,null,3,7936,33.46257166666667,-82.07852,3.6
Wed Nov 20 15:56:16 EST 2024,54:44:A3:53:F0:59,null,1,1084,33.46257166666667,-82.07852,3.6
Wed Nov 20 15:56:16 EST 2024,0F:94:C5:E5:19:08,null,3,7936,33.46257166666667,-82.07852,3.6
Wed Nov 20 15:56:16 EST 2024,C8:12:0B:AD:5F:EB,50" Crystal UHD,3,1084,33.46257166666667,-82.07852,3.6
Wed Nov 20 15:56:16 EST 2024,C8:12:0B:AD:62:57,null,1,1084,33.46257166666667,-82.07852,3.6
Wed Nov 20 15:56:16 EST 2024,34:7B:24:45:E5:B8,null,3,7936,33.46257166666667,-82.07852,3.6
Wed Nov 20 15:56:16 EST 2024,6F:D5:84:96:EA:ED,null,3,7936,33.46257166666667,-82.07852,3.6
Wed Nov 20 15:56:16 EST 2024,FC:B4:67:A1:6A:4E,ESP32,2,1280,33.46257166666667,-82.07852,3.6
Wed Nov 20 15:56:16 EST 2024,50:ED:8F:F7:06:74,null,3,7936,33.46257166666667,-82.07852,3.6
Wed Nov 20 15:56:16 EST 2024,00:1C:97:40:1C:19,null,1,1344,33.46257166666667,-82.07852,3.6
Wed Nov 20 15:56:16 EST 2024,66:A4:A8:B0:04:CF,null,3,7936,33.46257166666667,-82.07852,3.6
Wed Nov 20 15:56:16 EST 2024,7A:0D:9C:16:3E:E9,null,3,7936,33.46257166666667,-82.07852,3.6
Wed Nov 20 15:56:16 EST 2024,BE:0F:F3:EC:F6:94,null,2,7936,33.46257166666667,-82.07852,3.6
Wed Nov 20 15:56:16 EST 2024,20:C1:EC:71:40:83,Game Day Party_BLE,2,1280,33.46257166666667,-82.07852,3.6
Wed Nov 20 15:56:16 EST 2024,5F:67:DF:68:2D:1B,null,3,7936,33.46257166666667,-82.07852,3.6
Wed Nov 20 15:56:16 EST 2024,F4:05:8B:A2:4E:1B,Galaxy Watch Active2(378D) LE,2,1796,33.46257166666667,-82.07852,3.6
Wed Nov 20 15:56:16 EST 2024,7D:BD:22:22:11:35,null,3,7936,33.46257166666667,-82.07852,3.6
Wed Nov 20 15:56:16 EST 2024,D0:C2:4E:96:7B:57,null,1,1084,33.46257166666667,-82.07852,3.6
Wed Nov 20 15:56:16 EST 2024,74:58:EB:B0:EB:93,null,3,7936,33.46257166666667,-82.07852,3.6
Wed Nov 20 15:56:16 EST 2024,4B:C7:CD:F8:3B:A9,null,3,7936,33.46257166666667,-82.07852,3.6
Wed Nov 20 15:56:16 EST 2024,32:24:A9:03:B8:88,null,2,7936,33.46257166666667,-82.07852,3.6
Wed Nov 20 15:56:16 EST 2024,47:5E:E3:A9:91:68,null,3,7936,33.46257166666667,-82.07852,3.6
Wed Nov 20 15:56:16 EST 2024,69:F1:ED:43:15:2C,null,3,7936,33.46257166666667,-82.07852,3.6
Wed Nov 20 15:56:16 EST 2024,7E:33:73:A8:99:19,null,3,7936,33.46257166666667,-82.07852,3.6
Wed Nov 20 15:56:16 EST 2024,4C:BA:D7:77:4C:FF,null,1,1084,33.46257166666667,-82.07852,3.6
Wed Nov 20 15:51:04 EST 2024,6F:7F:A7:DD:83:AF,null,3,7936,33.464331666666666,-82.07975833333333,5.0
Wed Nov 20 15:51:04 EST 2024,59:2C:38:BE:F3:1C,null,3,7936,33.464331666666666,-82.07975833333333,5.0
Wed Nov 20 15:51:04 EST 2024,6F:81:9D:62:31:17,null,3,7936,33.464331666666666,-82.07975833333333,5.0
Wed Nov 20 15:51:04 EST 2024,44:DB:CD:70:EB:F1,null,3,7936,33.464331666666666,-82.07975833333333,5.0
Wed Nov 20 15:51:04 EST 2024,6E:7F:7A:EA:F2:FC,null,3,7936,33.464331666666666,-82.07975833333333,5.0
Wed Nov 20 15:51:04 EST 2024,14:B4:25:CF:B5:A5,null,3,7936,33.464331666666666,-82.07975833333333,5.0
Wed Nov 20 15:51:04 EST 2024,8C:88:2B:01:26:42,IVS8179D00B46,2,7936,33.464331666666666,-82.07975833333333,5.0
Wed Nov 20 15:51:04 EST 2024,8C:88:2B:01:62:C4,IVS81C98B8D59,2,7936,33.464331666666666,-82.07975833333333,5.0
Wed Nov 20 15:51:04 EST 2024,42:B8:66:38:13:BE,null,3,7936,33.464331666666666,-82.07975833333333,5.0
Wed Nov 20 15:51:04 EST 2024,A6:27:6A:CB:6E:E4,MCC9-1032-BLK,1,1028,33.464331666666666,-82.07975833333333,5.0
Wed Nov 20 15:51:04 EST 2024,51:FC:B5:DA:0C:26,null,3,7936,33.464331666666666,-82.07975833333333,5.0
Wed Nov 20 15:51:04 EST 2024,49:E8:01:96:20:B3,null,3,7936,33.464331666666666,-82.07975833333333,5.0
Wed Nov 20 15:51:04 EST 2024,6A:AC:65:F9:23:09,null,3,7936,33.464331666666666,-82.07975833333333,5.0
Wed Nov 20 15:51:04 EST 2024,64:9D:E3:13:2B:B4,null,3,7936,33.464331666666666,-82.07975833333333,5.0
Wed Nov 20 15:51:04 EST 2024,54:32:13:36:76:C6,null,3,7936,33.464331666666666,-82.07975833333333,5.0
Wed Nov 20 15:51:04 EST 2024,6B:75:17:D7:E8:26,null,3,7936,33.464331666666666,-82.07975833333333,5.0
Wed Nov 20 15:51:04 EST 2024,49:5C:90:10:E8:BB,null,3,7936,33.464331666666666,-82.07975833333333,5.0
Wed Nov 20 15:51:04 EST 2024,67:F6:29:6B:E5:C9,null,3,7936,33.464331666666666,-82.07975833333333,5.0
Wed Nov 20 15:45:37 EST 2024,7C:97:43:EF:9D:EA,null,2,7936,33.464360000000006,-82.07985,50.6
Wed Nov 20 15:45:37 EST 2024,4E:91:C9:32:82:FA,null,3,7936,33.464360000000006,-82.07985,50.6
Wed Nov 20 15:45:37 EST 2024,4F:94:DC:7B:BB:8C,null,3,7936,33.464360000000006,-82.07985,50.6
Wed Nov 20 15:45:37 EST 2024,75:1C:10:61:FA:08,null,3,7936,33.464360000000006,-82.07985,50.6
Wed Nov 20 15:45:37 EST 2024,4E:00:1E:24:4A:DA,null,3,7936,33.464360000000006,-82.07985,50.6
Wed Nov 20 15:45:37 EST 2024,6F:78:F9:4E:A9:1A,null,3,7936,33.464360000000006,-82.07985,50.6
Wed Nov 20 15:45:37 EST 2024,6A:80:FA:66:E1:44,null,3,7936,33.464360000000006,-82.07985,50.6
Wed Nov 20 15:45:37 EST 2024,57:83:F7:1C:4C:A2,null,3,7936,33.464360000000006,-82.07985,50.6
Wed Nov 20 15:45:37 EST 2024,55:6D:E5:B3:6D:AF,null,3,7936,33.464360000000006,-82.07985,50.6
Wed Nov 20 15:45:37 EST 2024,6F:F8:68:8D:DE:BC,null,3,7936,33.464360000000006,-82.07985,50.6
Wed Nov 20 15:45:37 EST 2024,74:F0:7D:EA:18:B7,BGT-102P_020087,1,1664,33.464360000000006,-82.07985,50.6
Wed Nov 20 15:44:48 EST 2024,78:54:1B:A1:1C:6B,null,3,7936,33.464360000000006,-82.07985,50.6
Wed Nov 20 15:44:48 EST 2024,64:E0:92:0D:7F:BD,null,3,7936,33.464360000000006,-82.07985,50.6
Wed Nov 20 15:44:48 EST 2024,70:A3:91:61:94:72,null,3,7936,33.464360000000006,-82.07985,50.6
Wed Nov 20 15:44:48 EST 2024,5F:4D:DD:DA:CF:5E,null,3,7936,33.464360000000006,-82.07985,50.6
Wed Nov 20 15:44:48 EST 2024,4D:70:80:73:5F:27,null,3,7936,33.464360000000006,-82.07985,50.6
Wed Nov 20 15:44:48 EST 2024,50:F0:4E:9E:CD:8B,null,3,7936,33.464360000000006,-82.07985,50.6
Wed Nov 20 15:44:48 EST 2024,55:F2:54:50:E4:30,null,3,7936,33.464360000000006,-82.07985,50.6
Wed Nov 20 15:44:48 EST 2024,47:F8:C0:D0:1C:76,null,3,7936,33.464360000000006,-82.07985,50.6
Wed Nov 20 15:44:48 EST 2024,5B:7A:B2:BC:8A:67,null,3,7936,33.464360000000006,-82.07985,50.6
Wed Nov 20 15:44:48 EST 2024,68:C1:ED:F2:56:9F,null,2,7936,33.464360000000006,-82.07985,50.6
Wed Nov 20 15:44:48 EST 2024,7B:D8:8B:05:05:5A,null,3,7936,33.464360000000006,-82.07985,50.6
Wed Nov 20 15:44:48 EST 2024,49:03:C2:71:FF:83,null,3,7936,33.464360000000006,-82.07985,50.6
Wed Nov 20 15:44:48 EST 2024,73:7E:B1:93:A6:91,null,3,7936,33.464360000000006,-82.07985,50.6
Wed Nov 20 15:44:48 EST 2024,5D:7C:69:1F:F1:7E,null,3,7936,33.464360000000006,-82.07985,50.6
Wed Nov 20 15:44:48 EST 2024,68:62:5E:FF:F5:DC,null,3,7936,33.464360000000006,-82.07985,50.6
Wed Nov 20 15:44:48 EST 2024,51:9F:9F:A7:08:51,null,3,7936,33.464360000000006,-82.07985,50.6
Wed Nov 20 15:44:48 EST 2024,60:36:2C:1A:F8:6D,null,3,7936,33.464360000000006,-82.07985,50.6
Wed Nov 20 15:44:48 EST 2024,60:B5:71:34:15:2D,null,3,7936,33.464360000000006,-82.07985,50.6
Wed Nov 20 15:44:48 EST 2024,6B:64:AD:03:60:F3,null,3,7936,33.464360000000006,-82.07985,50.6
Wed Nov 20 15:44:48 EST 2024,69:2A:68:69:B9:BC,null,3,7936,33.464360000000006,-82.07985,50.6
Wed Nov 20 15:44:48 EST 2024,5E:B9:02:44:EA:BC,null,3,7936,33.464360000000006,-82.07985,50.6
Wed Nov 20 15:44:48 EST 2024,7A:52:40:5A:3C:0F,null,3,7936,33.464360000000006,-82.07985,50.6
Wed Nov 20 15:44:48 EST 2024,6E:7B:57:6D:48:4B,null,3,7936,33.464360000000006,-82.07985,50.6
Wed Nov 20 15:44:48 EST 2024,5A:DA:40:9E:5F:4A,null,3,7936,33.464360000000006,-82.07985,50.6
Wed Nov 20 15:44:48 EST 2024,8C:88:2B:01:6E:BD,IVS814F2B93E6,2,7936,33.464360000000006,-82.07985,50.6
Wed Nov 20 15:44:48 EST 2024,5D:DB:5E:FA:62:49,null,3,7936,33.464360000000006,-82.07985,50.6
Wed Nov 20 15:44:48 EST 2024,4F:30:52:B0:0C:CB,null,3,7936,33.464360000000006,-82.07985,50.6
Wed Nov 20 15:44:48 EST 2024,57:28:12:F4:0A:76,null,3,7936,33.464360000000006,-82.07985,50.6
Wed Nov 20 15:44:48 EST 2024,8C:88:2B:01:63:C0,IVS818AE6B648,2,7936,33.464360000000006,-82.07985,50.6
Wed Nov 20 15:44:48 EST 2024,73:50:6F:12:0C:AE,null,3,7936,33.464360000000006,-82.07985,50.6
Wed Nov 20 15:44:48 EST 2024,63:06:E7:48:75:6A,null,3,7936,33.464360000000006,-82.07985,50.6
Wed Nov 20 15:44:48 EST 2024,70:3E:86:95:4A:43,null,3,7936,33.464360000000006,-82.07985,50.6
Wed Nov 20 15:44:48 EST 2024,73:8D:1C:37:D4:E4,null,3,7936,33.464360000000006,-82.07985,50.6
Wed Nov 20 15:44:48 EST 2024,68:34:1C:27:9A:59,null,3,7936,33.464360000000006,-82.07985,50.6
Wed Nov 20 15:43:27 EST 2024,7B:C7:CA:50:8C:AB,null,3,7936,33.46435333333333,-82.07983833333334,7.8
Wed Nov 20 15:43:27 EST 2024,6E:16:61:9B:2E:3C,null,3,7936,33.46435333333333,-82.07983833333334,7.8
Wed Nov 20 15:43:27 EST 2024,8C:88:2B:01:6E:CD,IVS81021C4793,2,7936,33.46435333333333,-82.07983833333334,7.8
Wed Nov 20 15:43:27 EST 2024,47:F7:09:3F:E6:90,null,3,7936,33.46435333333333,-82.07983833333334,7.8
Wed Nov 20 15:43:27 EST 2024,74:E5:1A:AD:7C:D7,null,3,7936,33.46435333333333,-82.07983833333334,7.8
Wed Nov 20 15:43:27 EST 2024,76:D8:44:43:4F:1A,null,3,7936,33.46435333333333,-82.07983833333334,7.8
Wed Nov 20 15:43:27 EST 2024,54:25:45:94:A8:06,null,3,7936,33.46435333333333,-82.07983833333334,7.8
Wed Nov 20 15:43:27 EST 2024,78:EB:5E:78:B3:BB,null,3,7936,33.46435333333333,-82.07983833333334,7.8
Wed Nov 20 15:43:27 EST 2024,69:F9:4C:06:1D:1F,null,3,7936,33.46435333333333,-82.07983833333334,7.8
Wed Nov 20 15:43:27 EST 2024,4D:96:CD:9B:2E:C1,null,3,7936,33.46435333333333,-82.07983833333334,7.8
Wed Nov 20 15:43:27 EST 2024,78:EE:41:2A:BF:3C,null,3,7936,33.46435333333333,-82.07983833333334,7.8
Wed Nov 20 15:41:55 EST 2024,54:F2:0D:F2:82:D7,null,3,7936,33.46428,-82.07985500000001,6.1
Wed Nov 20 15:41:55 EST 2024,7A:F1:7A:F1:C2:3B,null,3,7936,33.46428,-82.07985500000001,6.1
Wed Nov 20 15:41:55 EST 2024,66:C0:0B:1F:49:26,null,3,7936,33.46428,-82.07985500000001,6.1
Wed Nov 20 15:41:55 EST 2024,5D:8C:88:D2:07:F7,null,3,7936,33.46428,-82.07985500000001,6.1
Wed Nov 20 15:40:18 EST 2024,54:85:A5:E6:5E:CD,null,3,7936,33.46436166666667,-82.07976500000001,2.9
Wed Nov 20 15:40:18 EST 2024,48:57:7A:02:A4:A9,null,3,7936,33.46436166666667,-82.07976500000001,2.9
Wed Nov 20 15:40:18 EST 2024,4C:E9:20:60:49:31,null,3,7936,33.46436166666667,-82.07976500000001,2.9
Wed Nov 20 15:40:18 EST 2024,53:BD:2D:E5:8E:A0,null,3,7936,33.46436166666667,-82.07976500000001,2.9
Wed Nov 20 15:40:18 EST 2024,54:09:7B:5B:47:1B,null,3,7936,33.46436166666667,-82.07976500000001,2.9
Wed Nov 20 15:40:18 EST 2024,6D:3F:2E:9A:ED:C7,null,3,7936,33.46436166666667,-82.07976500000001,2.9
Wed Nov 20 15:40:18 EST 2024,4D:27:E9:F9:F2:6D,null,3,7936,33.46436166666667,-82.07976500000001,2.9
Wed Nov 20 15:40:18 EST 2024,46:59:83:AB:8F:E0,null,3,7936,33.46436166666667,-82.07976500000001,2.9
Wed Nov 20 15:40:18 EST 2024,64:8F:33:47:C5:40,null,3,7936,33.46436166666667,-82.07976500000001,2.9
Wed Nov 20 15:40:18 EST 2024,44:44:FF:0A:7F:01,null,3,7936,33.46436166666667,-82.07976500000001,2.9
Wed Nov 20 15:40:18 EST 2024,7B:D7:14:71:43:39,null,3,7936,33.46436166666667,-82.07976500000001,2.9
Wed Nov 20 15:36:13 EST 2024,6D:45:D2:FC:F2:1C,null,3,7936,33.464605,-82.08005833333333,3.9
Wed Nov 20 15:36:13 EST 2024,62:62:9A:45:AC:8A,null,3,7936,33.464605,-82.08005833333333,3.9
Wed Nov 20 15:36:13 EST 2024,7A:7B:29:64:F1:62,null,3,7936,33.464605,-82.08005833333333,3.9
Wed Nov 20 15:36:13 EST 2024,5F:64:2D:20:E0:F1,null,3,7936,33.464605,-82.08005833333333,3.9
Wed Nov 20 15:36:13 EST 2024,43:DE:2E:71:9A:A8,null,3,7936,33.464605,-82.08005833333333,3.9
Wed Nov 20 15:36:13 EST 2024,5B:C4:61:F1:18:25,null,3,7936,33.464605,-82.08005833333333,3.9
Wed Nov 20 15:36:13 EST 2024,74:89:F6:C0:A8:40,null,3,7936,33.464605,-82.08005833333333,3.9
Wed Nov 20 15:36:13 EST 2024,61:89:50:1A:1D:54,null,3,7936,33.464605,-82.08005833333333,3.9
Wed Nov 20 15:36:13 EST 2024,4A:5E:17:E2:93:7E,null,2,7936,33.464605,-82.08005833333333,3.9
Wed Nov 20 15:36:13 EST 2024,6A:C1:2D:DB:02:4D,null,3,7936,33.464605,-82.08005833333333,3.9
Wed Nov 20 15:36:13 EST 2024,75:9D:AE:7C:C3:4F,null,3,7936,33.464605,-82.08005833333333,3.9
Wed Nov 20 15:36:13 EST 2024,5C:DB:B9:6A:5F:E5,null,3,7936,33.464605,-82.08005833333333,3.9
Wed Nov 20 15:36:13 EST 2024,79:16:65:25:BF:23,null,3,7936,33.464605,-82.08005833333333,3.9
Wed Nov 20 15:36:13 EST 2024,79:66:E2:9D:5A:62,null,3,7936,33.464605,-82.08005833333333,3.9
Wed Nov 20 15:36:13 EST 2024,3C:E4:B0:6F:B8:E7,Zwift RunPod E7,2,7936,33.464605,-82.08005833333333,3.9
Wed Nov 20 15:36:13 EST 2024,54:45:3A:5D:C8:3A,null,3,7936,33.464605,-82.08005833333333,3.9
Wed Nov 20 15:36:13 EST 2024,6E:F0:24:53:72:05,null,3,7936,33.464605,-82.08005833333333,3.9
Wed Nov 20 15:31:00 EST 2024,67:6A:88:4F:91:FB,null,3,7936,33.466865,-82.08393,2.5
Wed Nov 20 15:31:00 EST 2024,C9:3B:01:A2:18:8A,Roav F2_188A,1,1052,33.466865,-82.08393,2.5
Wed Nov 20 15:31:00 EST 2024,72:03:B2:6D:6B:6B,null,3,7936,33.466865,-82.08393,2.5
Wed Nov 20 15:31:00 EST 2024,61:20:12:6A:19:19,null,3,7936,33.466865,-82.08393,2.5
Wed Nov 20 15:31:00 EST 2024,69:69:3E:D4:7D:83,null,1,1028,33.466865,-82.08393,2.5
Wed Nov 20 15:31:00 EST 2024,53:CE:A1:D7:AB:75,null,3,7936,33.466865,-82.08393,2.5
Wed Nov 20 15:31:00 EST 2024,7C:C6:B8:B9:F8:9E,null,3,7936,33.466865,-82.08393,2.5
Wed Nov 20 15:31:00 EST 2024,7C:B3:33:77:37:3C,null,3,7936,33.466865,-82.08393,2.5
Wed Nov 20 15:31:00 EST 2024,7B:C4:9B:66:C7:05,null,3,7936,33.466865,-82.08393,2.5
Wed Nov 20 15:31:00 EST 2024,75:CE:CC:E6:97:9F,null,3,7936,33.466865,-82.08393,2.5
Wed Nov 20 15:31:00 EST 2024,74:12:6C:A1:96:F8,null,3,7936,33.466865,-82.08393,2.5
Wed Nov 20 15:27:03 EST 2024,79:31:E8:5F:3B:85,null,3,7936,33.49629166666667,-82.07720666666667,11.4
Wed Nov 20 15:27:03 EST 2024,70:FC:45:83:79:83,null,3,7936,33.49629166666667,-82.07720666666667,11.4
Wed Nov 20 15:27:03 EST 2024,BC:06:2D:0B:58:98,SPEN NA,2,7936,33.49629166666667,-82.07720666666667,11.4
Wed Nov 20 15:21:50 EST 2024,6A:D4:9B:3F:E6:87,null,3,7936,33.52217666666666,-82.02304666666666,11.4
Wed Nov 20 15:21:50 EST 2024,73:78:1D:15:E0:FE,null,3,7936,33.52217666666666,-82.02304666666666,11.4
Wed Nov 20 15:21:50 EST 2024,69:6F:D6:42:90:91,null,3,7936,33.52217666666666,-82.02304666666666,11.4
Wed Nov 20 15:21:50 EST 2024,6B:D0:B8:E6:15:08,null,3,7936,33.52217666666666,-82.02304666666666,11.4
Wed Nov 20 15:21:50 EST 2024,45:F7:08:42:6A:1C,null,3,7936,33.52217666666666,-82.02304666666666,11.4
Wed Nov 20 15:21:50 EST 2024,4C:CE:2D:1D:CF:21,DL-2309969783,2,7936,33.52217666666666,-82.02304666666666,11.4
Wed Nov 20 15:21:50 EST 2024,78:DE:35:18:93:58,null,3,7936,33.52217666666666,-82.02304666666666,11.4
Wed Nov 20 15:21:50 EST 2024,00:15:83:49:07:F4,AutoKit_0700,1,1032,33.52217666666666,-82.02304666666666,11.4
Wed Nov 20 15:21:50 EST 2024,58:8F:D3:CC:C9:D0,null,3,7936,33.52217666666666,-82.02304666666666,11.4
Wed Nov 20 15:21:50 EST 2024,5F:69:B9:D1:3D:42,null,3,7936,33.52217666666666,-82.02304666666666,11.4
Wed Nov 20 15:16:37 EST 2024,4D:38:29:14:44:EC,null,3,7936,33.481970000000004,-81.98137,2.4
Wed Nov 20 15:16:37 EST 2024,71:24:BC:BE:BF:FF,null,3,7936,33.481970000000004,-81.98137,2.4
Wed Nov 20 15:16:37 EST 2024,44:B7:D0:AB:66:14,23295059 TempTest Blue,2,7936,33.481970000000004,-81.98137,2.4
Wed Nov 20 15:11:24 EST 2024,59:CC:44:DE:34:BF,null,3,7936,33.479400000000005,-81.97849166666667,2.3
Wed Nov 20 15:06:11 EST 2024,5C:E5:8D:AB:FC:0D,null,3,7936,33.479148333333335,-81.96890666666667,5.4
Wed Nov 20 15:06:11 EST 2024,73:8C:A4:A2:4F:04,null,3,7936,33.479148333333335,-81.96890666666667,5.4
Wed Nov 20 15:06:11 EST 2024,80:B6:55:3F:C9:E6,USCLTL-763YM,1,268,33.479148333333335,-81.96890666666667,5.4
Wed Nov 20 15:06:11 EST 2024,47:C9:FD:D5:77:A9,null,3,7936,33.479148333333335,-81.96890666666667,5.4
Wed Nov 20 15:06:11 EST 2024,71:95:D2:D7:B5:46,null,3,7936,33.479148333333335,-81.96890666666667,5.4
Wed Nov 20 15:06:11 EST 2024,AA:B1:3B:FB:81:35,null,2,7936,33.479148333333335,-81.96890666666667,5.4
Wed Nov 20 15:06:11 EST 2024,73:68:BF:8E:10:19,null,2,7936,33.479148333333335,-81.96890666666667,5.4
Wed Nov 20 15:06:11 EST 2024,78:46:D4:0A:1E:85,Candace's Note20,1,524,33.479148333333335,-81.96890666666667,5.4
Wed Nov 20 15:01:30 EST 2024,42:43:EF:ED:FE:9D,null,3,7936,33.479910000000004,-81.96828333333333,6.5
Wed Nov 20 15:01:30 EST 2024,45:6E:E7:0C:4C:19,null,3,7936,33.479910000000004,-81.96828333333333,6.5
Wed Nov 20 15:01:30 EST 2024,6D:4D:91:1C:B9:E0,null,3,7936,33.479910000000004,-81.96828333333333,6.5
Wed Nov 20 15:01:30 EST 2024,40:46:5A:94:AC:BC,null,3,7936,33.479910000000004,-81.96828333333333,6.5
Wed Nov 20 15:01:30 EST 2024,C2:18:03:92:48:77,null,2,7936,33.479910000000004,-81.96828333333333,6.5
Wed Nov 20 15:01:30 EST 2024,7C:DE:34:BA:3E:73,null,3,7936,33.479910000000004,-81.96828333333333,6.5
Wed Nov 20 15:01:30 EST 2024,4B:ED:BA:56:92:3B,null,3,7936,33.479910000000004,-81.96828333333333,6.5
Wed Nov 20 15:01:30 EST 2024,61:22:0F:29:CB:5A,null,3,7936,33.479910000000004,-81.96828333333333,6.5
Wed Nov 20 15:01:30 EST 2024,4F:86:3B:E8:37:F2,null,3,7936,33.479910000000004,-81.96828333333333,6.5
Wed Nov 20 15:01:30 EST 2024,46:76:91:A2:EF:6E,Jabra Evolve2 65,3,7936,33.479910000000004,-81.96828333333333,6.5
Wed Nov 20 15:01:30 EST 2024,68:C8:F1:E2:97:59,null,3,7936,33.479910000000004,-81.96828333333333,6.5
Wed Nov 20 15:01:30 EST 2024,59:68:E2:2C:AA:3A,Argo Headphones,3,7936,33.479910000000004,-81.96828333333333,6.5
Wed Nov 20 14:56:17 EST 2024,5D:DE:D7:1B:E5:3D,null,3,7936,33.47959,-81.96851666666666,54.9
Wed Nov 20 14:56:17 EST 2024,53:82:E4:EF:54:74,null,3,7936,33.47959,-81.96851666666666,54.9
Wed Nov 20 14:56:17 EST 2024,50:95:0A:E3:A1:A9,null,3,7936,33.47959,-81.96851666666666,54.9
Wed Nov 20 14:56:17 EST 2024,34:FD:97:2B:2D:4E,tinAE,2,7936,33.47959,-81.96851666666666,54.9
Wed Nov 20 14:56:17 EST 2024,1C:86:9A:D4:C9:5B,[TV] Samsung BET Series (65),3,1084,33.47959,-81.96851666666666,54.9
Wed Nov 20 14:56:17 EST 2024,8C:85:90:4B:AA:F8,mac0355,1,268,33.47959,-81.96851666666666,54.9
Wed Nov 20 14:56:17 EST 2024,64:E2:43:2A:A1:D6,null,3,7936,33.47959,-81.96851666666666,54.9
Wed Nov 20 14:56:17 EST 2024,72:F1:10:DC:93:90,null,3,7936,33.47959,-81.96851666666666,54.9
Wed Nov 20 14:56:17 EST 2024,80:32:53:3F:B1:1D,MLEWIS3540,1,268,33.47959,-81.96851666666666,54.9
Wed Nov 20 14:56:17 EST 2024,63:75:6D:54:DB:F5,null,3,7936,33.47959,-81.96851666666666,54.9
Wed Nov 20 14:56:17 EST 2024,4D:FA:70:9F:E5:02,null,3,7936,33.47959,-81.96851666666666,54.9
Wed Nov 20 14:56:17 EST 2024,1C:86:9A:D4:C9:3F,[TV] Samsung BET Series (65),3,1084,33.47959,-81.96851666666666,54.9
Wed Nov 20 14:56:17 EST 2024,45:11:1B:51:73:79,null,3,7936,33.47959,-81.96851666666666,54.9
Wed Nov 20 14:56:17 EST 2024,65:36:67:9D:DB:E1,null,3,7936,33.47959,-81.96851666666666,54.9
Wed Nov 20 14:56:17 EST 2024,6E:47:B1:40:3B:0E,null,3,7936,33.47959,-81.96851666666666,54.9
Wed Nov 20 14:56:17 EST 2024,66:67:F9:EE:34:51,null,3,7936,33.47959,-81.96851666666666,54.9
Wed Nov 20 14:56:17 EST 2024,4E:C7:B3:F1:6F:F0,null,3,7936,33.47959,-81.96851666666666,54.9
Wed Nov 20 14:56:17 EST 2024,43:47:24:16:C3:D2,null,3,7936,33.47959,-81.96851666666666,54.9
Wed Nov 20 14:56:17 EST 2024,50:F8:72:A0:CD:5E,null,3,7936,33.47959,-81.96851666666666,54.9
Wed Nov 20 14:56:17 EST 2024,4E:66:CA:B3:6D:14,null,3,7936,33.47959,-81.96851666666666,54.9
Wed Nov 20 14:56:17 EST 2024,7C:87:42:E1:55:76,null,3,7936,33.47959,-81.96851666666666,54.9
Wed Nov 20 14:56:17 EST 2024,F6:8C:BC:6A:10:EA,WHOOP 4C0528151,2,7936,33.47959,-81.96851666666666,54.9
Wed Nov 20 14:56:17 EST 2024,E0:E2:E6:DF:48:76,SS3,2,7936,33.47959,-81.96851666666666,54.9
Wed Nov 20 14:56:17 EST 2024,63:9E:85:22:70:E8,null,3,7936,33.47959,-81.96851666666666,54.9
Wed Nov 20 14:56:17 EST 2024,59:E0:CD:2B:9F:28,null,3,7936,33.47959,-81.96851666666666,54.9
Wed Nov 20 14:56:17 EST 2024,60:AF:4A:E9:B8:9A,null,3,7936,33.47959,-81.96851666666666,54.9
Wed Nov 20 14:56:17 EST 2024,66:A4:E7:3D:70:5F,null,3,7936,33.47959,-81.96851666666666,54.9
Wed Nov 20 14:56:17 EST 2024,75:9D:D1:50:18:70,null,3,7936,33.47959,-81.96851666666666,54.9
Wed Nov 20 14:56:17 EST 2024,CD:A1:22:05:5D:9C,Amazfit Band 7,2,1796,33.47959,-81.96851666666666,54.9
Wed Nov 20 14:56:17 EST 2024,70:02:5C:BE:5F:51,null,3,7936,33.47959,-81.96851666666666,54.9
Wed Nov 20 14:56:17 EST 2024,63:5D:83:66:E7:86,null,3,7936,33.47959,-81.96851666666666,54.9
Wed Nov 20 14:54:59 EST 2024,90:F1:57:5A:8C:87,null,2,7936,33.48002833333333,-81.96828833333333,9.8
Wed Nov 20 14:54:59 EST 2024,51:73:CA:7B:BD:3C,null,3,7936,33.48002833333333,-81.96828833333333,9.8
Wed Nov 20 14:54:59 EST 2024,6F:E7:88:4F:5A:D4,null,3,7936,33.48002833333333,-81.96828833333333,9.8
Wed Nov 20 14:54:59 EST 2024,69:FF:3B:4B:E4:1C,null,3,7936,33.48002833333333,-81.96828833333333,9.8
Wed Nov 20 14:54:59 EST 2024,59:13:4D:F9:8C:AE,null,3,7936,33.48002833333333,-81.96828833333333,9.8
Wed Nov 20 14:54:59 EST 2024,52:EB:DF:4B:B4:D6,null,3,7936,33.48002833333333,-81.96828833333333,9.8
Wed Nov 20 14:54:59 EST 2024,40:58:40:32:E3:47,null,3,7936,33.48002833333333,-81.96828833333333,9.8
Wed Nov 20 14:54:59 EST 2024,6B:FB:68:B6:33:1A,null,3,7936,33.48002833333333,-81.96828833333333,9.8
Wed Nov 20 14:54:59 EST 2024,6E:99:17:D5:65:62,null,3,7936,33.48002833333333,-81.96828833333333,9.8
Wed Nov 20 14:54:59 EST 2024,77:41:43:0A:19:BD,null,3,7936,33.48002833333333,-81.96828833333333,9.8
Wed Nov 20 14:53:55 EST 2024,6E:59:1B:EF:DE:75,null,3,7936,33.47967666666667,-81.968485,28.2
Wed Nov 20 14:53:55 EST 2024,6F:90:C2:C7:93:4A,null,3,7936,33.47967666666667,-81.968485,28.2
Wed Nov 20 14:53:55 EST 2024,5C:D4:7A:F3:25:D4,null,3,7936,33.47967666666667,-81.968485,28.2
Wed Nov 20 14:53:55 EST 2024,6E:33:26:F3:3B:73,null,3,7936,33.47967666666667,-81.968485,28.2
Wed Nov 20 14:53:55 EST 2024,78:92:21:47:21:95,null,3,7936,33.47967666666667,-81.968485,28.2
Wed Nov 20 14:53:55 EST 2024,5E:8D:25:34:A2:98,null,3,7936,33.47967666666667,-81.968485,28.2
Wed Nov 20 14:53:55 EST 2024,7D:75:E9:40:7E:49,null,3,7936,33.47967666666667,-81.968485,28.2
Wed Nov 20 14:53:55 EST 2024,7F:DF:96:0F:F8:D3,null,3,7936,33.47967666666667,-81.968485,28.2
Wed Nov 20 14:53:55 EST 2024,7F:A0:DE:30:09:51,null,3,7936,33.47967666666667,-81.968485,28.2
Wed Nov 20 14:53:55 EST 2024,49:D3:EE:0F:8F:BF,null,3,7936,33.47967666666667,-81.968485,28.2
Wed Nov 20 14:48:43 EST 2024,52:30:B0:BF:90:6F,null,3,7936,33.47942333333334,-81.96851833333334,96.2
Wed Nov 20 14:48:43 EST 2024,40:14:E8:AD:5A:DA,null,3,7936,33.47942333333334,-81.96851833333334,96.2
Wed Nov 20 14:48:43 EST 2024,51:AD:4F:7E:AA:E5,null,3,7936,33.47942333333334,-81.96851833333334,96.2
Wed Nov 20 14:48:43 EST 2024,69:BE:40:35:E8:83,null,3,7936,33.47942333333334,-81.96851833333334,96.2
Wed Nov 20 14:48:43 EST 2024,77:11:5A:02:BE:56,null,3,7936,33.47942333333334,-81.96851833333334,96.2
Wed Nov 20 14:48:43 EST 2024,5A:D8:05:5A:8C:CF,null,3,7936,33.47942333333334,-81.96851833333334,96.2
Wed Nov 20 14:43:30 EST 2024,4D:CD:82:9F:B6:DD,null,3,7936,33.47965666666666,-81.96835833333333,6.9
Wed Nov 20 14:43:30 EST 2024,44:A8:5E:63:73:47,null,3,7936,33.47965666666666,-81.96835833333333,6.9
Wed Nov 20 14:43:30 EST 2024,4A:F5:AE:C3:35:94,null,3,7936,33.47965666666666,-81.96835833333333,6.9
Wed Nov 20 14:43:30 EST 2024,4C:03:8A:25:D8:FB,null,3,7936,33.47965666666666,-81.96835833333333,6.9
Wed Nov 20 14:43:30 EST 2024,7C:10:E2:A8:F3:B5,null,3,7936,33.47965666666666,-81.96835833333333,6.9
Wed Nov 20 14:43:30 EST 2024,5D:A9:AD:E8:FB:23,null,3,7936,33.47965666666666,-81.96835833333333,6.9
Wed Nov 20 14:43:30 EST 2024,40:B7:47:BD:66:89,null,3,7936,33.47965666666666,-81.96835833333333,6.9
Wed Nov 20 14:38:46 EST 2024,7C:BE:79:A3:57:94,null,3,7936,33.47947666666666,-81.96841666666666,9.4
Wed Nov 20 14:38:46 EST 2024,7E:57:87:C8:54:8D,null,3,7936,33.47947666666666,-81.96841666666666,9.4
Wed Nov 20 14:38:46 EST 2024,66:08:CB:9D:EB:18,null,3,7936,33.47947666666666,-81.96841666666666,9.4
Wed Nov 20 14:38:46 EST 2024,7A:EF:AA:73:A3:A3,null,3,7936,33.47947666666666,-81.96841666666666,9.4
Wed Nov 20 14:38:46 EST 2024,66:E9:DF:7F:8A:8E,null,3,7936,33.47947666666666,-81.96841666666666,9.4
Wed Nov 20 14:38:46 EST 2024,49:42:10:6D:92:79,null,3,7936,33.47947666666666,-81.96841666666666,9.4
Wed Nov 20 14:38:46 EST 2024,75:87:08:86:6F:1F,null,3,7936,33.47947666666666,-81.96841666666666,9.4
Wed Nov 20 14:38:46 EST 2024,48:C4:0C:38:6F:B0,null,3,7936,33.47947666666666,-81.96841666666666,9.4
Wed Nov 20 14:38:46 EST 2024,7B:E2:1E:46:5D:C7,null,3,7936,33.47947666666666,-81.96841666666666,9.4
Wed Nov 20 14:38:46 EST 2024,44:DB:18:7D:6D:84,null,3,7936,33.47947666666666,-81.96841666666666,9.4
Wed Nov 20 14:38:46 EST 2024,5E:E1:F5:86:6E:C2,null,3,7936,33.47947666666666,-81.96841666666666,9.4
Wed Nov 20 14:33:34 EST 2024,43:99:DF:02:C0:C4,null,3,7936,33.47962333333333,-81.968395,7.1
Wed Nov 20 14:33:34 EST 2024,6C:B1:04:E7:9A:52,null,3,7936,33.47962333333333,-81.968395,7.1
Wed Nov 20 14:33:34 EST 2024,77:AF:0B:56:FE:31,null,3,7936,33.47962333333333,-81.968395,7.1
Wed Nov 20 14:33:34 EST 2024,50:EC:91:41:7D:E8,null,3,7936,33.47962333333333,-81.968395,7.1
Wed Nov 20 14:33:34 EST 2024,66:9C:AC:E5:0B:15,null,3,7936,33.47962333333333,-81.968395,7.1
Wed Nov 20 14:33:34 EST 2024,49:38:57:AC:B2:5F,null,3,7936,33.47962333333333,-81.968395,7.1
Wed Nov 20 14:33:34 EST 2024,6B:0C:EA:8C:D7:77,null,3,7936,33.47962333333333,-81.968395,7.1
Wed Nov 20 14:33:34 EST 2024,51:8F:89:1D:29:54,null,3,7936,33.47962333333333,-81.968395,7.1
Wed Nov 20 14:28:21 EST 2024,42:F9:5C:3E:D0:DB,null,3,7936,33.47929666666666,-81.968475,1.7
Wed Nov 20 14:28:21 EST 2024,59:98:14:B3:00:F1,null,3,7936,33.47929666666666,-81.968475,1.7
Wed Nov 20 14:28:21 EST 2024,5A:30:D6:FE:B8:B5,null,3,7936,33.47929666666666,-81.968475,1.7
Wed Nov 20 14:28:21 EST 2024,79:4F:79:F9:F2:D2,null,3,7936,33.47929666666666,-81.968475,1.7
Wed Nov 20 14:28:21 EST 2024,42:56:5F:17:39:AF,null,3,7936,33.47929666666666,-81.968475,1.7
Wed Nov 20 14:28:21 EST 2024,62:03:35:79:73:80,null,3,7936,33.47929666666666,-81.968475,1.7
Wed Nov 20 14:28:21 EST 2024,7A:15:25:21:10:69,null,3,7936,33.47929666666666,-81.968475,1.7
Wed Nov 20 14:28:21 EST 2024,4D:EB:80:1F:3A:03,null,3,7936,33.47929666666666,-81.968475,1.7
Wed Nov 20 14:28:21 EST 2024,45:BC:D4:38:59:62,null,3,7936,33.47929666666666,-81.968475,1.7
Wed Nov 20 14:28:21 EST 2024,61:06:88:B8:0B:A8,null,3,7936,33.47929666666666,-81.968475,1.7
Wed Nov 20 14:28:21 EST 2024,74:FE:4A:CD:F8:24,null,3,7936,33.47929666666666,-81.968475,1.7
Wed Nov 20 14:23:08 EST 2024,7C:B9:66:BF:C6:76,null,3,7936,33.47902333333333,-81.96860666666666,72.0
Wed Nov 20 14:23:08 EST 2024,4D:58:A3:50:15:06,null,3,7936,33.47902333333333,-81.96860666666666,72.0
Wed Nov 20 14:23:08 EST 2024,7F:5C:A5:A6:5F:A8,null,3,7936,33.47902333333333,-81.96860666666666,72.0
Wed Nov 20 14:23:08 EST 2024,6E:02:EB:21:39:A6,null,3,7936,33.47902333333333,-81.96860666666666,72.0
Wed Nov 20 14:23:08 EST 2024,54:0A:23:AC:DE:1A,null,3,7936,33.47902333333333,-81.96860666666666,72.0
Wed Nov 20 14:23:08 EST 2024,64:F2:67:86:6B:B6,null,3,7936,33.47902333333333,-81.96860666666666,72.0
Wed Nov 20 14:23:08 EST 2024,48:77:08:D1:9F:DD,null,3,7936,33.47902333333333,-81.96860666666666,72.0
Wed Nov 20 14:17:55 EST 2024,78:0B:9F:A2:2A:7C,null,3,7936,33.480003333333336,-81.968145,66.3
Wed Nov 20 14:17:55 EST 2024,42:F2:97:95:66:72,null,3,7936,33.480003333333336,-81.968145,66.3
Wed Nov 20 14:17:55 EST 2024,77:B4:48:4D:0B:66,null,3,7936,33.480003333333336,-81.968145,66.3
Wed Nov 20 14:17:55 EST 2024,63:A8:EE:45:3C:AB,null,3,7936,33.480003333333336,-81.968145,66.3
Wed Nov 20 14:17:55 EST 2024,4A:21:32:71:0F:29,null,3,7936,33.480003333333336,-81.968145,66.3
Wed Nov 20 14:17:55 EST 2024,63:6C:20:EC:9B:D0,null,3,7936,33.480003333333336,-81.968145,66.3
Wed Nov 20 14:17:55 EST 2024,6C:49:6E:9C:26:A3,null,3,7936,33.480003333333336,-81.968145,66.3
Wed Nov 20 14:17:55 EST 2024,47:F7:75:D1:D7:8D,null,3,7936,33.480003333333336,-81.968145,66.3
Wed Nov 20 14:12:42 EST 2024,48:26:CE:DF:8B:99,null,3,7936,33.480003333333336,-81.968145,66.3
Wed Nov 20 14:12:42 EST 2024,43:A8:E5:81:00:A4,null,3,7936,33.480003333333336,-81.968145,66.3
Wed Nov 20 14:12:42 EST 2024,62:0D:34:85:2B:A1,null,3,7936,33.480003333333336,-81.968145,66.3
Wed Nov 20 14:12:42 EST 2024,74:FC:75:71:17:3C,Galaxy Watch6 Classic (LBLP),3,1796,33.480003333333336,-81.968145,66.3
Wed Nov 20 14:12:42 EST 2024,64:A8:93:0A:1B:A2,null,3,7936,33.480003333333336,-81.968145,66.3
Wed Nov 20 14:12:42 EST 2024,72:78:57:EA:63:64,null,3,7936,33.480003333333336,-81.968145,66.3
Wed Nov 20 14:12:42 EST 2024,73:A0:04:AD:58:EB,null,3,7936,33.480003333333336,-81.968145,66.3
Wed Nov 20 14:12:42 EST 2024,75:FF:67:99:A6:FA,null,3,7936,33.480003333333336,-81.968145,66.3
Wed Nov 20 14:07:29 EST 2024,55:C6:84:E7:65:87,null,3,7936,33.480003333333336,-81.968145,66.3
Wed Nov 20 14:07:29 EST 2024,54:3F:D1:24:BF:37,null,3,7936,33.480003333333336,-81.968145,66.3
Wed Nov 20 14:07:29 EST 2024,60:79:AC:69:96:EF,null,3,7936,33.480003333333336,-81.968145,66.3
Wed Nov 20 14:07:29 EST 2024,49:36:A5:DC:B1:CF,null,3,7936,33.480003333333336,-81.968145,66.3
Wed Nov 20 14:07:29 EST 2024,57:B6:BE:D1:EF:21,null,3,7936,33.480003333333336,-81.968145,66.3
Wed Nov 20 14:07:29 EST 2024,63:DD:AD:0F:85:39,null,3,7936,33.480003333333336,-81.968145,66.3
Wed Nov 20 14:07:29 EST 2024,70:C2:A4:DB:E9:B9,null,3,7936,33.480003333333336,-81.968145,66.3
Wed Nov 20 14:07:29 EST 2024,5C:85:27:56:E9:CC,null,3,7936,33.480003333333336,-81.968145,66.3
Wed Nov 20 14:07:29 EST 2024,6F:9F:CC:BE:B2:59,null,3,7936,33.480003333333336,-81.968145,66.3
Wed Nov 20 14:07:29 EST 2024,46:40:87:47:03:98,null,3,7936,33.480003333333336,-81.968145,66.3
Wed Nov 20 14:02:16 EST 2024,4A:71:48:21:50:FF,null,3,7936,33.47974333333333,-81.96831833333334,72.6
Wed Nov 20 14:02:16 EST 2024,7D:36:39:B7:C1:36,null,3,7936,33.47974333333333,-81.96831833333334,72.6
Wed Nov 20 14:02:16 EST 2024,57:A2:34:6E:24:78,null,3,7936,33.47974333333333,-81.96831833333334,72.6
Wed Nov 20 14:02:16 EST 2024,79:D7:45:B6:AD:C6,null,3,7936,33.47974333333333,-81.96831833333334,72.6
Wed Nov 20 14:02:16 EST 2024,62:7A:0F:EB:2C:7C,null,3,7936,33.47974333333333,-81.96831833333334,72.6
Wed Nov 20 14:02:16 EST 2024,4A:67:D6:31:CA:EB,null,3,7936,33.47974333333333,-81.96831833333334,72.6
Wed Nov 20 13:57:03 EST 2024,6C:EA:C7:16:19:B5,null,3,7936,33.47958666666667,-81.968385,8.1
Wed Nov 20 13:57:03 EST 2024,70:66:24:D5:5F:34,null,3,7936,33.47958666666667,-81.968385,8.1
Wed Nov 20 13:57:03 EST 2024,53:DE:D4:3F:24:DA,null,3,7936,33.47958666666667,-81.968385,8.1
Wed Nov 20 13:57:03 EST 2024,66:07:D7:78:4D:35,null,3,7936,33.47958666666667,-81.968385,8.1
Wed Nov 20 13:57:03 EST 2024,48:39:88:E0:4E:89,null,3,7936,33.47958666666667,-81.968385,8.1
Wed Nov 20 13:57:03 EST 2024,50:0E:6F:84:DA:D3,null,3,7936,33.47958666666667,-81.968385,8.1
Wed Nov 20 13:57:03 EST 2024,6F:3F:20:25:77:28,null,3,7936,33.47958666666667,-81.968385,8.1
Wed Nov 20 13:57:03 EST 2024,5A:15:F8:0A:D5:8E,null,3,7936,33.47958666666667,-81.968385,8.1
Wed Nov 20 13:57:03 EST 2024,4F:02:75:43:92:AD,null,3,7936,33.47958666666667,-81.968385,8.1
Wed Nov 20 13:57:03 EST 2024,5C:82:F0:B9:13:56,null,3,7936,33.47958666666667,-81.968385,8.1
Wed Nov 20 13:57:03 EST 2024,46:8C:8A:54:1D:CF,null,3,7936,33.47958666666667,-81.968385,8.1
Wed Nov 20 13:51:47 EST 2024,44:A3:DE:43:33:39,null,3,7936,33.479465,-81.96854333333334,1.8
Wed Nov 20 13:51:47 EST 2024,78:30:93:EA:2E:5F,null,3,7936,33.479465,-81.96854333333334,1.8
Wed Nov 20 13:51:47 EST 2024,7A:51:AE:06:27:76,null,3,7936,33.479465,-81.96854333333334,1.8
Wed Nov 20 13:51:47 EST 2024,4A:22:DC:F9:F3:48,null,3,7936,33.479465,-81.96854333333334,1.8
Wed Nov 20 13:51:47 EST 2024,43:6B:2A:6B:C7:25,null,3,7936,33.479465,-81.96854333333334,1.8
Wed Nov 20 13:51:47 EST 2024,72:CC:76:8F:2F:1A,null,3,7936,33.479465,-81.96854333333334,1.8
Wed Nov 20 13:51:47 EST 2024,79:EA:82:7A:F6:33,null,3,7936,33.479465,-81.96854333333334,1.8
Wed Nov 20 13:51:47 EST 2024,57:0B:5D:F0:22:F6,null,3,7936,33.479465,-81.96854333333334,1.8
Wed Nov 20 13:51:47 EST 2024,75:E7:90:C4:09:56,null,3,7936,33.479465,-81.96854333333334,1.8
Wed Nov 20 13:51:47 EST 2024,43:A7:F5:EC:99:78,null,3,7936,33.479465,-81.96854333333334,1.8
Wed Nov 20 13:51:47 EST 2024,4F:76:FF:2A:63:77,null,3,7936,33.479465,-81.96854333333334,1.8
Wed Nov 20 13:51:47 EST 2024,49:06:87:5B:C6:B6,null,3,7936,33.479465,-81.96854333333334,1.8
Wed Nov 20 13:51:47 EST 2024,77:F7:54:93:77:F6,null,3,7936,33.479465,-81.96854333333334,1.8
Wed Nov 20 13:51:47 EST 2024,73:A9:4C:35:7A:6C,null,3,7936,33.479465,-81.96854333333334,1.8
Wed Nov 20 13:51:47 EST 2024,6A:4B:2D:2B:EF:0D,null,3,7936,33.479465,-81.96854333333334,1.8
Wed Nov 20 13:51:47 EST 2024,6C:50:9D:D2:91:93,null,3,7936,33.479465,-81.96854333333334,1.8
Wed Nov 20 13:46:35 EST 2024,47:F6:5D:C6:8A:00,null,3,7936,33.47962333333333,-81.96838166666666,9.6
Wed Nov 20 13:46:35 EST 2024,65:FF:C1:95:26:A4,null,3,7936,33.47962333333333,-81.96838166666666,9.6
Wed Nov 20 13:46:35 EST 2024,59:57:BE:9C:3A:33,null,3,7936,33.47962333333333,-81.96838166666666,9.6
Wed Nov 20 13:46:35 EST 2024,79:61:BA:50:62:40,null,3,7936,33.47962333333333,-81.96838166666666,9.6
Wed Nov 20 13:46:35 EST 2024,4E:E1:B1:87:F2:F1,null,3,7936,33.47962333333333,-81.96838166666666,9.6
Wed Nov 20 13:46:35 EST 2024,55:A9:45:C2:A0:7B,null,3,7936,33.47962333333333,-81.96838166666666,9.6
Wed Nov 20 13:46:35 EST 2024,3E:6C:3D:CF:67:A2,null,3,7936,33.47962333333333,-81.96838166666666,9.6
Wed Nov 20 13:46:35 EST 2024,5D:AF:1B:26:94:78,null,3,7936,33.47962333333333,-81.96838166666666,9.6
Wed Nov 20 13:46:35 EST 2024,62:8D:B3:72:EF:84,null,3,7936,33.47962333333333,-81.96838166666666,9.6
Wed Nov 20 13:46:35 EST 2024,78:34:B8:42:FE:3A,null,3,7936,33.47962333333333,-81.96838166666666,9.6
Wed Nov 20 13:46:35 EST 2024,41:49:10:4A:A1:18,null,3,7936,33.47962333333333,-81.96838166666666,9.6
Wed Nov 20 13:46:35 EST 2024,7C:F3:49:67:C7:97,null,3,7936,33.47962333333333,-81.96838166666666,9.6
Wed Nov 20 13:41:15 EST 2024,57:DB:29:58:F7:7E,null,3,7936,33.479958333333336,-81.96825166666666,7.6
Wed Nov 20 13:41:15 EST 2024,71:4D:71:B7:7A:E4,null,3,7936,33.479958333333336,-81.96825166666666,7.6
Wed Nov 20 13:41:15 EST 2024,5B:3D:C1:CF:D5:88,null,3,7936,33.479958333333336,-81.96825166666666,7.6
Wed Nov 20 13:41:15 EST 2024,69:8F:F5:C6:8A:A5,null,3,7936,33.479958333333336,-81.96825166666666,7.6
Wed Nov 20 13:41:15 EST 2024,49:41:D2:15:05:91,null,3,7936,33.479958333333336,-81.96825166666666,7.6
Wed Nov 20 13:41:15 EST 2024,60:AB:12:53:A6:37,null,3,7936,33.479958333333336,-81.96825166666666,7.6
Wed Nov 20 13:41:15 EST 2024,65:57:CB:10:AE:5F,null,3,7936,33.479958333333336,-81.96825166666666,7.6
Wed Nov 20 13:41:15 EST 2024,70:48:B2:0D:92:F9,null,3,7936,33.479958333333336,-81.96825166666666,7.6
Wed Nov 20 13:41:15 EST 2024,5F:C4:56:89:40:CB,null,3,7936,33.479958333333336,-81.96825166666666,7.6
Wed Nov 20 13:41:15 EST 2024,78:FB:49:F8:BE:6D,null,3,7936,33.479958333333336,-81.96825166666666,7.6
Wed Nov 20 13:36:02 EST 2024,45:2E:56:25:20:96,null,3,7936,33.47961833333333,-81.96856,52.7
Wed Nov 20 13:36:02 EST 2024,44:9F:14:1F:05:C4,null,3,7936,33.47961833333333,-81.96856,52.7
Wed Nov 20 13:36:02 EST 2024,4C:DE:CE:F8:2B:FA,null,3,7936,33.47961833333333,-81.96856,52.7
Wed Nov 20 13:36:02 EST 2024,75:AF:DB:E1:C0:96,null,3,7936,33.47961833333333,-81.96856,52.7
Wed Nov 20 13:36:02 EST 2024,5B:68:C9:6F:72:C8,null,3,7936,33.47961833333333,-81.96856,52.7
Wed Nov 20 13:36:02 EST 2024,4F:F9:41:1F:D9:E6,null,3,7936,33.47961833333333,-81.96856,52.7
Wed Nov 20 13:36:02 EST 2024,4A:88:A3:73:EF:29,null,3,7936,33.47961833333333,-81.96856,52.7
Wed Nov 20 13:36:02 EST 2024,72:51:4E:B8:9E:C9,null,3,7936,33.47961833333333,-81.96856,52.7
Wed Nov 20 13:36:02 EST 2024,40:D2:02:DA:3B:01,null,3,7936,33.47961833333333,-81.96856,52.7
Wed Nov 20 13:34:49 EST 2024,7D:20:E1:29:C3:A4,null,3,7936,33.47961833333333,-81.96856,52.7
Wed Nov 20 13:34:49 EST 2024,52:58:B4:40:83:9A,null,3,7936,33.47961833333333,-81.96856,52.7
Wed Nov 20 13:34:49 EST 2024,54:9C:0D:43:80:0D,null,3,7936,33.47961833333333,-81.96856,52.7
Wed Nov 20 13:34:49 EST 2024,54:9A:BC:42:8D:52,null,3,7936,33.47961833333333,-81.96856,52.7
Wed Nov 20 13:34:49 EST 2024,4C:9C:F9:34:F9:7F,null,3,7936,33.47961833333333,-81.96856,52.7
Wed Nov 20 13:29:35 EST 2024,6C:55:E3:98:EA:BA,null,3,7936,33.47997833333333,-81.96824166666667,8.5
Wed Nov 20 13:29:35 EST 2024,59:BD:42:CA:87:92,null,3,7936,33.47997833333333,-81.96824166666667,8.5
Wed Nov 20 13:29:35 EST 2024,4E:93:6B:21:01:FD,null,3,7936,33.47997833333333,-81.96824166666667,8.5
Wed Nov 20 13:29:35 EST 2024,63:19:B3:F4:BD:94,null,3,7936,33.47997833333333,-81.96824166666667,8.5
Wed Nov 20 13:29:35 EST 2024,4C:59:CC:DD:11:0D,null,3,7936,33.47997833333333,-81.96824166666667,8.5
Wed Nov 20 13:29:35 EST 2024,43:5B:21:79:72:83,null,3,7936,33.47997833333333,-81.96824166666667,8.5
Wed Nov 20 13:29:35 EST 2024,6B:B7:77:18:FB:F4,null,3,7936,33.47997833333333,-81.96824166666667,8.5
Wed Nov 20 13:29:35 EST 2024,7A:28:85:F2:49:6B,null,3,7936,33.47997833333333,-81.96824166666667,8.5
Wed Nov 20 13:29:35 EST 2024,69:E7:FA:2E:81:23,null,3,7936,33.47997833333333,-81.96824166666667,8.5
Wed Nov 20 13:29:35 EST 2024,74:46:AA:9A:BA:E0,null,3,7936,33.47997833333333,-81.96824166666667,8.5
Wed Nov 20 13:29:35 EST 2024,5C:9D:A1:CF:55:32,null,3,7936,33.47997833333333,-81.96824166666667,8.5
Wed Nov 20 13:29:35 EST 2024,4D:86:03:21:B4:69,null,3,7936,33.47997833333333,-81.96824166666667,8.5
Wed Nov 20 13:29:35 EST 2024,43:D0:49:A5:1E:79,null,3,7936,33.47997833333333,-81.96824166666667,8.5
Wed Nov 20 13:29:35 EST 2024,56:0B:E7:C0:9A:5A,null,3,7936,33.47997833333333,-81.96824166666667,8.5
Wed Nov 20 13:29:35 EST 2024,E4:60:17:80:A2:77,WIN3544,1,268,33.47997833333333,-81.96824166666667,8.5